id,name,model_id:id,group_id:id,perm_read,perm_write,perm_create,perm_unlink
access_firebase_connector_manager,firebase.connector.manager,model_firebase_connector,group_fireman_manager,1,1,1,1
access_fireman_uo_user,fireman.uo.user,model_fireman_uo,base.group_user,1,0,0,0
access_fireman_uo_manager,fireman.uo.manager,model_fireman_uo,group_fireman_manager,1,1,1,1
access_fireman_member_user,fireman.member.user,model_fireman_member,base.group_user,1,0,0,0
access_fireman_member_manager,fireman.member.manager,model_fireman_member,group_fireman_manager,1,1,1,1
access_fireman_vehicle_user,fireman.vehicle.user,model_fireman_vehicle,base.group_user,1,0,0,0
access_fireman_vehicle_manager,fireman.vehicle.manager,model_fireman_vehicle,group_fireman_manager,1,1,1,1
access_fireman_vehicle_section_user,fireman.vehicle.section.user,model_fireman_vehicle_section,base.group_user,1,0,0,0
access_fireman_vehicle_section_manager,fireman.vehicle.section.manager,model_fireman_vehicle_section,group_fireman_manager,1,1,1,1
access_fireman_vehicle_item_user,fireman.vehicle.item.user,model_fireman_vehicle_item,base.group_user,1,0,0,0
access_fireman_vehicle_item_manager,fireman.vehicle.item.manager,model_fireman_vehicle_item,group_fireman_manager,1,1,1,1
access_fireman_inventory_user,fireman.inventory.user,model_fireman_inventory,base.group_user,1,0,0,0
access_fireman_sync_event_manager,fireman.sync.event.manager,model_fireman_sync_event,group_fireman_manager,1,1,0,1
